provincia,id
Albacete,1
Lleida,2
Málaga,3
Almería,4
Valencia/València,5
Toledo,6
Barcelona,7
Santa Cruz de Tenerife,8
Valencia/València,9
Madrid,10
Valencia/València,11
Barcelona,12
Lleida,13
Girona,14
Murcia,15
Asturias,16
Santa Cruz de Tenerife,17
Pontevedra,18
Alicante/Alacant,19
Murcia,20
Asturias,21
Albacete,22
Santa Cruz de Tenerife,23
Murcia,24
Huesca,25
Granada,26
Murcia,27
Alicante/Alacant,28
Valencia/València,29
Pontevedra,30
Jaén,31
Castellón/Castelló,32
Las Palmas,33
Las Palmas,34
Madrid,35
Madrid,36
Asturias,37
Tarragona,38
Girona,39
Almería,40
Sevilla,41
Lleida,42
Tarragona,43
Las Palmas,44
Madrid,45
Almería,46
Cádiz,47
Las Palmas,48
A Coruña,49
Murcia,50
A Coruña,51
Barcelona,52
Málaga,53
Madrid,54
Lleida,55
Alicante/Alacant,56
Cuenca,57
Granada,58
Almería,59
Málaga,60
Barcelona,61
Navarra,62
Valencia/València,63
Asturias,64
Barcelona,65
Barcelona,66
Castellón/Castelló,67
Tarragona,68
Madrid,69
Huelva,70
Madrid,71
Sevilla,72
Alicante/Alacant,73
Madrid,74
Santa Cruz de Tenerife,75
Illes Balears,76
Cáceres,77
Albacete,78
Barcelona,79
Tarragona,80
Bizkaia,81
Almería,82
Tarragona,83
Barcelona,84
Murcia,85
Tarragona,86
Alicante/Alacant,87
Sevilla,88
Alicante/Alacant,89
Sevilla,90
Asturias,91
Granada,92
Tarragona,93
Valencia/València,94
Madrid,95
Cantabria,96
Cádiz,97
Tarragona,98
Barcelona,99
Illes Balears,100
Murcia,101
Sevilla,102
Madrid,103
Tarragona,104
Madrid,105
Barcelona,106
Cádiz,107
Barcelona,108
Murcia,109
Toledo,110
Cádiz,111
Madrid,112
Zaragoza,113
Barcelona,114
Barcelona,115
Valencia/València,116
Girona,117
Barcelona,118
Madrid,119
Valencia/València,120
Madrid,121
Santa Cruz de Tenerife,122
Zaragoza,123
Córdoba,124
Murcia,125
Tarragona,126
Huesca,127
Ciudad Real,128
Málaga,129
Las Palmas,130
Cantabria,131
Córdoba,132
Barcelona,133
Barcelona,134
Murcia,135
Las Palmas,136
Illes Balears,137
Cantabria,138
Jaén,139
Huelva,140
Madrid,141
Barcelona,142
Bizkaia,143
Zaragoza,144
Almería,145
Barcelona,146
Sevilla,147
Tarragona,148
Murcia,149
Sevilla,150
Valencia/València,151
Almería,152
Málaga,153
Toledo,154
León,155
Burgos,156
Almería,157
Bizkaia,158
Córdoba,159
Tarragona,160
Cuenca,161
Huelva,162
Las Palmas,163
Murcia,164
Valencia/València,165
Granada,166
Granada,167
Almería,168
Granada,169
Girona,170
Lleida,171
Alicante/Alacant,172
Tarragona,173
Valencia/València,174
Málaga,175
Asturias,176
Madrid,177
Málaga,178
Murcia,179
Jaén,180
Almería,181
Las Palmas,182
Alicante/Alacant,183
Barcelona,184
Madrid,185
Lugo,186
Málaga,187
Huesca,188
Lleida,189
Huesca,190
Alicante/Alacant,191
Huesca,192
Barcelona,193
Badajoz,194
Sevilla,195
Sevilla,196
Albacete,197
Barcelona,198
Valencia,199
Huelva,200
Santa Cruz de Tenerife,201
Madrid,202
Madrid,203
Cádiz,204
Salamanca,205
Pontevedra,206
Girona,207
Tarragona,208
Jaén,209
Murcia,210
Barcelona,211
Asturias,212
Murcia,213
Valencia/València,214
Guadalajara,215
Asturias,216
Cuenca,217
Barcelona,218
Asturias,219
Asturias,220
Alicante/Alacant,221
Asturias,222
Girona,223
Palencia,224
Málaga,225
Barcelona,226
Asturias,227
Asturias,228
Valladolid,229
Alicante/Alacant,230
Zamora,231
Madrid,232
Valencia/València,233
Barcelona,234
León,235
Santa Cruz de Tenerife,236
Navarra,237
Guadalajara,238
Cádiz,239
Toledo,240
Castellón/Castelló,241
Zaragoza,242
Sevilla,243
Ávila,244
Madrid,245
Barcelona,246
Albacete,247
Asturias,248
Madrid,249
Albacete,250
Zaragoza,251
Alicante/Alacant,252
Murcia,253
Málaga,254
Barcelona,255
Asturias,256
Toledo,257
Lleida,258
Barcelona,259
Sevilla,260
Bizkaia,261
Madrid,262
Murcia,263
Valencia/València,264
Pontevedra,265
Granada,266
Asturias,267
Alicante/Alacant,268
Córdoba,269
Alicante/Alacant,270
Alicante/Alacant,271
Alicante/Alacant,272
Alicante/Alacant,273
Alicante/Alacant,274
Alicante/Alacant,275
Madrid,276
Málaga,277
Las Palmas,278
Valencia/València,279
Barcelona,280
A Coruña,281
Alicante/Alacant,282
Zaragoza,283
Gipuzkoa,284
Madrid,285
Barcelona,286
Palencia,287
Pontevedra,288
Alicante/Alacant,289
Alicante/Alacant,290
Toledo,291
A Coruña,292
Asturias,293
Cantabria,294
Barcelona,295
Valladolid,296
Cádiz,297
Valladolid,298
Barcelona,299
Málaga,300
Asturias,301
Zaragoza,302
Tarragona,303
Tarragona,304
Valencia/València,305
Bizkaia,306
Barcelona,307
Zaragoza,308
Las Palmas,309
Alicante/Alacant,310
León,311
Valencia/València,312
Málaga,313
Castellón/Castelló,314
Valencia/València,315
Alicante/Alacant,316
Alicante/Alacant,317
Madrid,318
Málaga,319
Castellón/Castelló,320
Sevilla,321
León,322
Valladolid,323
Lleida,324
Zaragoza,325
Córdoba,326
Lleida,327
Barcelona,328
Alicante/Alacant,329
Barcelona,330
Alicante/Alacant,331
Almería,332
Illes Balears,333
Barcelona,334
Málaga,335
Sevilla,336
Asturias,337
Valencia/València,338
Ciudad Real,339
Barcelona,340
Alicante/Alacant,341
Madrid,342
Alicante/Alacant,343
Barcelona,344
Madrid,345
Almería,346
Jaén,347
Murcia,348
Murcia,349
León,350
Palencia,351
Valencia/València,352
Madrid,353
Girona,354
Huelva,355
Granada,356
Madrid,357
Murcia,358
Girona,359
Cádiz,360
Alicante/Alacant,361
Barcelona,362
Barcelona,363
Barcelona,364
Sevilla,365
Madrid,366
Málaga,367
Almería,368
Alicante/Alacant,369
Murcia,370
Madrid,371
Alicante/Alacant,372
Girona,373
Madrid,374
Zaragoza,375
Madrid,376
Lleida,377
La Rioja,378
Valencia/València,379
Tarragona,380
Asturias,381
Valladolid,382
Araba/Álava,383
Madrid,384
Madrid,385
Toledo,386
Murcia,387
Barcelona,388
Alicante/Alacant,389
Ourense,390
Asturias,391
Tarragona,392
Valencia/València,393
Almería,394
Murcia,395
Guadalajara,396
Valencia/València,397
Girona,398
Salamanca,399
Murcia,400
Castellón/Castelló,401
Barcelona,402
Murcia,403
Valencia/València,404
Cádiz,405
Valencia/València,406
Tarragona,407
Valladolid,408
Illes Balears,409
Alicante/Alacant,410
Araba/Álava,411
Cádiz,412
Barcelona,413
Barcelona,414
Tarragona,415
Tarragona,416
Castellón/Castelló,417
Sevilla,418
Sevilla,419
Granada,420
Almería,421
Almería,422
Sevilla,423
Málaga,424
Toledo,425
Madrid,426
Almería,427
Alicante/Alacant,428
Girona,429
Murcia,430
Asturias,431
Tarragona,432
Toledo,433
Barcelona,434
Cádiz,435
Madrid,436
Madrid,437
Valladolid,438
La Rioja,439
Barcelona,440
Castellón,441
Lleida,442
Madrid,443
Madrid,444
Sevilla,445
A Coruña,446
Sevilla,447
Asturias,448
Madrid,449
Tarragona,450
Málaga,451
Barcelona,452
Alicante/Alacant,453
Valladolid,454
Málaga,455
Tarragona,456
Pontevedra,457
Pontevedra,458
Ourense,459
Tarragona,460
Castellón/Castelló,461
Barcelona,462
Toledo,463
Barcelona,464
Jaén,465
La Rioja,466
Málaga,467
Jaén,468
Murcia,469
Badajoz,470
Barcelona,471
Barcelona,472
Málaga,473
Málaga,474
Toledo,475
Lugo,476
Cantabria,477
Tarragona,478
Málaga,479
Murcia,480
Jaén,481
Tarragona,482
Ciudad Real,483
Lleida,484
Bizkaia,485
Barcelona,486
Madrid,487
Granada,488
Barcelona,489
Albacete,490
Las Palmas,491
Barcelona,492
Lugo,493
Madrid,494
Toledo,495
Valencia/València,496
Asturias,497
Guadalajara,498
Zaragoza,499
Alicante/Alacant,500
